"Type";"ID";"Name";"Tooltip"
"Power";"27";"Fiery Form";"Increase your Elemental Damage. + You gain an additional +3.5% Fire Damage strength for every target within 50 ft affected by your Clinging Flames. This buff is called Fiery Light and can stack up to 10 times. + You gain Elemental Damage Resistance and an additional Fire Damage Resistance. + Recovers Energy when you take Fire damage. + While you are in combat, you deal Fire Damage every 2 sec to foes within 25ft.  + Also, while active, you have a 20% chance to apply Clinging Flames to foes that attack you, which does Fire Damage every 2 sec for 12 sec. Clinging Flames may leap to other foes near the target. + Scales with your Super Stats"
"Power";"38";"Warmth";"Heals the target every 0.5 sec. + While healing a friendly target, you gain +15% resistance to all damage."
"Power";"103";"Ice Barrier";"Creates 3/4/5 Ice Barriers near you for 30 sec. + Each Ice Barriers grants you +20% resistance to all damage and 100% resistance to Knock effects. This effect is doubled if you area afected by Cold Snap. + Creates a Healing Rune at your location, which heals nearby allies within 15ft every 1 sec for 30 sec. + Once an Ice Barrier expires, deals Cold Damage to up to 5 targets within 10ft. - Activates a shared cooldown of 90 seconds on all Active Defenses."
"Power";"107";"Arctic Beast";"Summons an Arctic Beast to fight for you. + It will attack your target in melee range, using its Frigid Bite to deal Slashing Damage and Cold Damage to your foes.  +The Beast can also Lunge at your target, Knocking Down the target, removing travel powers, and dealing Crushing Damage (Base). + In addition, it can Spit Ice at targets from range, dealing Cold Damage.  + New skills are acquired upon ranking this power on pets"
"Power";"112";"Vapor Form";"When activated, wipes your threat from up to 10 targets within 50ft of you. + Places you in Stealth for 2/3/4 sec. While transformed your resistance to damage is increased by 83%.  +You gain Flight and Flight Speed. + Foes that damage you are affected by Chill, reducing their movement speed by 42% for 16 sec and occasionally traps targets in an Ice Cage. Stacks up to 3 times. + You cannot use any powers while transformed. Sets your other threat wipe abilities on a 30 sec cooldown."
"Power";"115";"Meteor Blaze";"Deals Fire Damage and Knocks Down all targets.  +Creates a Pyre Patch on your primary target. The Pyre Patch lasts for 16 sec, dealing Fire Damage every 1 sec to foes within 20ft. + Foes standing in the Pyre Patch have a 10% chance to be affected by Clinging Flames, dealing Fire Damage every 2 sec for 12 sec. Clinging Flames may leap to other foes near the target. + Has a 25% chance to apply Engulfing Flames to foes affected by Clinging Flames, reducing their Fire resistance by 8% for 15 sec. This effect can stack up to 3 times."
"Power";"125";"Desperate Shot";"Deals Piercing Damage to your target.  +The Critical Severity on this power is increased by 100%. + When fired with less than 50% Health, deals additional Piercing Damage and Stuns the target for 1.7 sec."
"Power";"177";"Throwing Blades";"Deals Slashing Damage to all affected targets and deals increased Slashing Damage when used from Stealth. + When fully charged, applies Sudden Strike for 10 sec, causing the next Critical Hit you land to deal +10% Critical Severity. Expires once you land a Critical Hit."
"Power";"188";"Bullet Hail";"Deals Piercing Damage every 0.5 sec to all targets. + Has a 10% chance every hit to apply Furious to you. Furious gives you +1.5% Critical Chance for 12 sec, this effect can stack up to 3 times. + When taking damage Furious grants you Willpower which gives you +300 Health Points over 3 seconds."
"Power";"197";"Submachinegun Burst";"Deals Piercing Damage every 0.5 sec to all targets. + Has a 10% chance every hit to apply Furious to you. Furious gives you +1.5% Critical Chance for 12 sec, this effect can stack up to 3 times. + When taking damage Furious grants you Willpower which gives you +300 Health Points over 3 seconds."
"Power";"204";"Gatling Gun";"Deals Piercing Damage 2 times every 0.5 sec to all targets.  +Has a 10% chance every hit to apply Armor Piercing to affected targets, reducing their Crushing and Piercing resistance for your attacks by for 15 sec. + When fully maintained has a 100% chance to apply Armor Piercing."
"Power";"256";"Power Conversion";"Upon activation you gain +50/75/100% Energy. + Your Energy Equilibrium is greatly increased. + You gain slightly incresaed Energy Regeneration.  + Your base Damage and Healing output are reduced by -10%."
"Power";"279";"Rend and Tear";"Deals Slashing Damage. +First hit Knocks Down your primary target and has a 20% chance to Knock Down other targets. + Last hit applies Furious to you, increasing your chance to critically hit by 1.5% for 12 sec. Stacks up to 3 times. When taking damage Furious grants you Willpower, which heals you for 300 health over 3 sec."
"Power";"282";"Dragon's Claws";"Deals Slashing Damage. + Snares your target, reducing their movement speed by 100%. + Has a 46-100% chance to apply Sudden Strike for 10 sec, causing the next Critical Hit you land to deal +10% Critical Severity. Expires once you land a Critical Hit. + If you are affected by Sudden Strike, when getting a Critical Hit, this power gains an additional 20% Critical Severity."
"Power";"302";"Chi Manipulation";"Whenever you apply a Chi Energy effect, you gain Energy every 3 sec for 6 sec. + Chi Energy effects include: Chi Flame, Lithe, Quick Maneuvering, Ebb and Flow, Nimble Movements, Sudden Strike, Dragon Rush and Bountiful Chi Resurgence.  +The energy gained scales with your Recovery, and to a lesser degree, your Endurance. + This effect does not stack, but can be refreshed"
"Power";"313";"Chained Kunai";"Deals Slashing Damage to target. + Your target is Knocked to you. +Has a 28-100% chance to apply Bleed to your target. Bleed causes Slashing Damage every 1 sec for 16 sec and stacks up to 5 times."
"Power";"355";"Ego Blade Breach";"Deals Ego damage twice. +Refreshes your stacks of Ego Leech."
"Power";"360";"Telekinetic Eruption";"Deals Ego Damage to nearby targets. + If charged less than a second, Knocks Down affected targets. + If charged more than a second, Knocks Back affected targets. + Charging this power for at least 1 sec applies the ld Surge buff, giving you +15% Ego Damage strength and +13 Ego for 15 sec. + Each target hit gives you a 30-100% chance to gain a stack of Ego Leech. Ego Leech decreases the cost of your Mentalist abilities by 5% for 15 sec. Stacks up to 5 times."
"Power";"394";"Mental Impact";"Deals Ego Damage to foes. + Knocks Down affected targets.  +Applies Overpower, which reduces all damage resistance by 20% for 15 sec. + Gives you a stack of Ego Leech for every target you hit, up to 5 stacks."
"Power";"464";"Conviction";"Grants you +15% Maximum Health Points for 20 sec and heals you. + Taking any damage will cancel the temporary health."
"Power";"516";"Circle of Arcane Power";"Summons a Circle of Arcane Power at your location.  +While standing in the Circle of Arcane Power you gain Energy every 1 sec and you have reduced Energy Decay. + Energy Unlocks will not give you any energy while standing in the Circle of Arcane Power.  + This Circle will persist for up to 2 sec while you are not standing in it. + Only one Circle can be active at a time"
"Power";"517";"Circle of Ebon Wrath";"Summons a Circle of Ebon Wrath at your location. + While standing in the Circle of Ebon Wrath you gain damage strength, have reduced Threat Generation and Perception buff.  + Healing effects on you are reduced by 100%. Any foes that attack you or comes near the Circle of Ebon Wrath will be Feared causing them deal 10% less damage for 12 sec.  +This Circle will persist for up to 2 sec while you are not standing in it. + Only one Circle can be active at a time"
"Power";"560";"Howl";"Nearby foes become Feared, reducing their damage by 10% for 12 sec. + Applies 1/2/3 stack of Furious to you and nearby allies. Furious gives you +1.5% Critical Chance, this effect can stack up to 3 times. + When taking damage Furious grants you Willpower, which gives you +300 Health Points over 3 sec. + Applies Moonlight Howl to you for 30 sec."
"Power";"561";"Last Stand";"Can only be used while Defeated. + You are brought back from defeat gain +100% Health Points, Increased Maximum Health Points, Regeneration and resistance to all damage for 15 sec. + You also become Immune to most forms of Control effects and gain 200% resistance to all Knock effects. + After 15 sec, reduces your health by 90% and you are Immune to all healing effects for 10 sec. + Activates a shared cooldown of 90 seconds on all Active Defenses. + Activates a shared cooldown of 300 seconds on all Resurrections."
"Power";"563";"Tear Down";"Lunges at the target, dealing Slashing Damage to the target and to enemies within a 15ft cone behind the target +. Targets are Knocked Down. + Has a 50% chance to apply Bleed to affected targets, causing Slashing Damage every 1 sec for 16 sec. Stacks up to 5 times."
"Power";"588";"Rebirth";"Can only be used while Defeated. + You are brought back from defeat and fully healed. + For the next 20 sec, you lose a certain amount of Health Points of your Maximum Health every 1 sec for 20 sec. + During this time you also gain +100% all damage strength, +1 00% resistance to all damage, and gain +8.3% Health Points upon defeating any enemy. + Places all Resurrection powers on a 300 second cooldown."
"Power";"592";"Supernatural Power";"Whenever you use a Supernatural power that reduces your energy below 15% of your maximum, you gain a large amount of Energy. +Scales with your Recovery better than most other energy unlocks."
"Power";"598";"Aethyric Incantation";"Grants +20 Flight Speed while active. Outside of combat, you build up speed over time. After 4 seconds, you gain +17 Flight Speed. After 10 seconds, you gain an additional +17 Flight Speed. While active, you suffer a -12% penalty to Power Cost Discount and your Energy Building strength is reduced by 15%."
"Power";"599";"Arcane Flight";"Grants +20 Flight Speed while active. Outside of combat, you build up speed over time. After 4 seconds, you gain +17 Flight Speed. After 10 seconds, you gain an additional +17 Flight Speed. While active, you suffer a -12% penalty to Power Cost Discount and your Energy Building strength is reduced by 15%."
"Power";"600";"Bat Flight";"Grants +20 Flight Speed while active. Outside of combat, you build up speed over time. After 4 seconds, you gain +17 Flight Speed. After 10 seconds, you gain an additional +17 Flight Speed. While active, you suffer a -12% penalty to Power Cost Discount and your Energy Building strength is reduced by 15%. Cannot use abilities while active."
"Power";"601";"Broomstick Flight";"Grants +20 Flight Speed while active. Outside of combat, you build up speed over time. After 4 seconds, you gain +17 Flight Speed. After 10 seconds, you gain an additional +17 Flight Speed. While active, you suffer a -12% penalty to Power Cost Discount and your Energy Building strength is reduced by 15%."
"Power";"602";"Bubble Flight";"Grants +20 Flight Speed while active. Outside of combat, you build up speed over time. After 4 seconds, you gain +17 Flight Speed. After 10 seconds, you gain an additional +17 Flight Speed. While active, you suffer a -12% penalty to Power Cost Discount and your Energy Building strength is reduced by 15%."
"Power";"603";"Canadian Flag Flight";"Grants +20 Flight Speed while active. Outside of combat, you build up speed over time. After 4 seconds, you gain +17 Flight Speed. After 10 seconds, you gain an additional +17 Flight Speed. While active, you suffer a -12% penalty to Power Cost Discount and your Energy Building strength is reduced by 15%."
"Power";"604";"Cape Glide";"Grants +30 Flight Speed while active. Outside of combat, you build up speed over time. After 4 seconds, you gain +26 Flight Speed. After 10 seconds, you gain an additional +26 Flight Speed. While active, you suffer a -12% penalty to Power Cost Discount and your Energy Building strength is reduced by 15%. You may only only use powers which target yourself while this is active."
"Power";"637";"Cloud Flight";"Grants +20 Flight Speed while active. Outside of combat, you build up speed over time. After 4 seconds, you gain +17 Flight Speed. After 10 seconds, you gain an additional +17 Flight Speed. While active, you suffer a -12% penalty to Power Cost Discount and your Energy Building strength is reduced by 15%."
"Power";"638";"Dark Cloud Flight";"Grants +20 Flight Speed while active. Outside of combat, you build up speed over time. After 4 seconds, you gain +17 Flight Speed. After 10 seconds, you gain an additional +17 Flight Speed. While active, you suffer a -12% penalty to Power Cost Discount and your Energy Building strength is reduced by 15%."
"Power";"605";"Earth Flight";"Grants +20 Flight Speed while active. Outside of combat, you build up speed over time. After 4 seconds, you gain +17 Flight Speed. After 10 seconds, you gain an additional +17 Flight Speed. While active, you suffer a -12% penalty to Power Cost Discount and your Energy Building strength is reduced by 15%."
"Power";"606";"Electric Hover Disk";"Grants +20 Flight Speed while active. Outside of combat, you build up speed over time. After 4 seconds, you gain +17 Flight Speed. After 10 seconds, you gain an additional +21 Flight Speed. While active, you suffer a -11% penalty to Power Cost Discount and your Energy Building strength is reduced by 15%. Somewhat less maneuverable than standard Flight."
"Power";"607";"Electro Flight";"Grants +20 Flight Speed while active. Outside of combat, you build up speed over time. After 4 seconds, you gain +17 Flight Speed. After 10 seconds, you gain an additional +17 Flight Speed. While active, you suffer a -12% penalty to Power Cost Discount and your Energy Building strength is reduced by 15%."
"Power";"608";"Fire Flight";"Grants +20 Flight Speed while active. Outside of combat, you build up speed over time. After 4 seconds, you gain +17 Flight Speed. After 10 seconds, you gain an additional +17 Flight Speed. While active, you suffer a -12% penalty to Power Cost Discount and your Energy Building strength is reduced by 15%."
"Power";"609";"Flag Flight";"Grants +20 Flight Speed while active. Outside of combat, you build up speed over time. After 4 seconds, you gain +17 Flight Speed. After 10 seconds, you gain an additional +17 Flight Speed. While active, you suffer a -12% penalty to Power Cost Discount and your Energy Building strength is reduced by 15%."
"Power";"610";"Flight";"Grants +20 Flight Speed while active. Outside of combat, you build up speed over time. After 4 seconds, you gain +17 Flight Speed. After 10 seconds, you gain an additional +17 Flight Speed. While active, you suffer a -12% penalty to Power Cost Discount and your Energy Building strength is reduced by 15%."
"Power";"611";"Heroic Flight";"Grants +20 Flight Speed while active. Outside of combat, you build up speed over time. After 4 seconds, you gain +17 Flight Speed. After 10 seconds, you gain an additional +17 Flight Speed. While active, you suffer a -12% penalty to Power Cost Discount and your Energy Building strength is reduced by 15%."
"Power";"612";"Hover Disk";"Grants +20 Flight Speed while active. Outside of combat, you build up speed over time. After 4 seconds, you gain +17 Flight Speed. After 10 seconds, you gain an additional +21 Flight Speed. While active, you suffer a -11% penalty to Power Cost Discount and your Energy Building strength is reduced by 15%. Somewhat less maneuverable than standard Flight."
"Power";"613";"Hoverboard";"Grants +20 Flight Speed while active. Outside of combat, you build up speed over time. After 4 seconds, you gain +17 Flight Speed. After 10 seconds, you gain an additional +21 Flight Speed. While active, you suffer a -9.4% penalty to Power Cost Discount and your Energy Building strength is reduced by 15%. This power is less maneuverable than standard Flight."
"Power";"614";"Ice Slide";"Grants +20 Flight Speed while active. Outside of combat, you build up speed over time. After 4 seconds, you gain +17 Flight Speed. After 10 seconds, you gain an additional +21 Flight Speed. While active, you suffer a -9.4% penalty to Power Cost Discount and your Energy Building strength is reduced by 15%. This power is less maneuverable than standard Flight."
"Power";"615";"Jet Boots";"Grants +30 Flight Speed while active. Outside of combat, you build up speed over time. After 4 seconds, you gain +17 Flight Speed. After 10 seconds, you gain an additional +17 Flight Speed. While active, you suffer a -12% penalty to Power Cost Discount and your Energy Building strength is reduced by 15%. Somewhat less maneuverable than standard Flight, but faster."
"Power";"616";"Jet Pack";"Grants +30 Flight Speed while active. Outside of combat, you build up speed over time. After 4 seconds, you gain +17 Flight Speed. After 10 seconds, you gain an additional +17 Flight Speed. While active, you suffer a -12% penalty to Power Cost Discount and your Energy Building strength is reduced by 15%. Somewhat less maneuverable than standard Flight, but faster."
"Power";"617";"Magic Carpet";"Grants +20 Flight Speed while active. Outside of combat, you build up speed over time. After 4 seconds, you gain +17 Flight Speed. After 10 seconds, you gain an additional +17 Flight Speed. While active, you suffer a -12% penalty to Power Cost Discount and your Energy Building strength is reduced by 15%."
"Power";"639";"Magic Carpet Flight";"Grants +20 Flight Speed while active. Outside of combat, you build up speed over time. After 4 seconds, you gain +17 Flight Speed. After 10 seconds, you gain an additional +17 Flight Speed. While active, you suffer a -12% penalty to Power Cost Discount and your Energy Building strength is reduced by 15%."
"Power";"618";"Millenial Flight";"Grants +20 Flight Speed while active. Outside of combat, you build up speed over time. After 4 seconds, you gain +17 Flight Speed. After 10 seconds, you gain an additional +17 Flight Speed. While active, you suffer a -12% penalty to Power Cost Discount and your Energy Building strength is reduced by 15%."
"Power";"619";"Mystic Flight";"Grants +20 Flight Speed while active. Outside of combat, you build up speed over time. After 4 seconds, you gain +17 Flight Speed. After 10 seconds, you gain an additional +17 Flight Speed. While active, you suffer a -12% penalty to Power Cost Discount and your Energy Building strength is reduced by 15%."
"Power";"620";"Overseer Flight";"Grants +20 Flight Speed while active. Outside of combat, you build up speed over time. After 4 seconds, you gain +17 Flight Speed. After 10 seconds, you gain an additional +17 Flight Speed. While active, you suffer a -12% penalty to Power Cost Discount and your Energy Building strength is reduced by 15%."
"Power";"621";"Phoenix Flight";"Grants +20 Flight Speed while active. Outside of combat, you build up speed over time. After 4 seconds, you gain +17 Flight Speed. After 10 seconds, you gain an additional +17 Flight Speed. While active, you suffer a -12% penalty to Power Cost Discount and your Energy Building strength is reduced by 15%."
"Power";"622";"Power Flight";"Grants +20 Flight Speed while active. Outside of combat, you build up speed over time. After 4 seconds, you gain +17 Flight Speed. After 10 seconds, you gain an additional +17 Flight Speed. While active, you suffer a -12% penalty to Power Cost Discount and your Energy Building strength is reduced by 15%."
"Power";"640";"Prismatic Millenial Flight";"Grants +20 Flight Speed while active. Outside of combat, you build up speed over time. After 4 seconds, you gain +17 Flight Speed. After 10 seconds, you gain an additional +17 Flight Speed. While active, you suffer a -12% penalty to Power Cost Discount and your Energy Building strength is reduced by 15%."
"Power";"641";"Radiant Millenial Flight";"Grants +20 Flight Speed while active. Outside of combat, you build up speed over time. After 4 seconds, you gain +17 Flight Speed. After 10 seconds, you gain an additional +17 Flight Speed. While active, you suffer a -12% penalty to Power Cost Discount and your Energy Building strength is reduced by 15%."
"Power";"623";"Radiant Phoenix Flight";"Grants +20 Flight Speed while active. Outside of combat, you build up speed over time. After 4 seconds, you gain +17 Flight Speed. After 10 seconds, you gain an additional +17 Flight Speed. While active, you suffer a -12% penalty to Power Cost Discount and your Energy Building strength is reduced by 15%."
"Power";"624";"Rainbow Flight";"Grants +20 Flight Speed while active. Outside of combat, you build up speed over time. After 4 seconds, you gain +17 Flight Speed. After 10 seconds, you gain an additional +17 Flight Speed. While active, you suffer a -12% penalty to Power Cost Discount and your Energy Building strength is reduced by 15%."
"Power";"625";"Rainbow Flight: Cloud";"Grants +20 Flight Speed while active. Outside of combat, you build up speed over time. After 4 seconds, you gain +17 Flight Speed. After 10 seconds, you gain an additional +17 Flight Speed. While active, you suffer a -12% penalty to Power Cost Discount and your Energy Building strength is reduced by 15%."
"Power";"626";"Regal Flight";"Grants +20 Flight Speed while active. Outside of combat, you build up speed over time. After 4 seconds, you gain +17 Flight Speed. After 10 seconds, you gain an additional +17 Flight Speed. While active, you suffer a -12% penalty to Power Cost Discount and your Energy Building strength is reduced by 15%."
"Power";"627";"Retractable Wings";"Grants +20 Flight Speed while active. Outside of combat, you build up speed over time. After 4 seconds, you gain +17 Flight Speed. After 10 seconds, you gain an additional +17 Flight Speed. While active, you suffer a -12% penalty to Power Cost Discount and your Energy Building strength is reduced by 15%."
"Power";"628";"Scarab Flight";"Grants +20 Flight Speed while active. Outside of combat, you build up speed over time. After 4 seconds, you gain +17 Flight Speed. After 10 seconds, you gain an additional +17 Flight Speed. While active, you suffer a -12% penalty to Power Cost Discount and your Energy Building strength is reduced by 15%."
"Power";"642";"Shadow Millenial Flight";"Grants +20 Flight Speed while active. Outside of combat, you build up speed over time. After 4 seconds, you gain +17 Flight Speed. After 10 seconds, you gain an additional +17 Flight Speed. While active, you suffer a -12% penalty to Power Cost Discount and your Energy Building strength is reduced by 15%."
"Power";"629";"Shadow Phoenix Flight";"Grants +20 Flight Speed while active. Outside of combat, you build up speed over time. After 4 seconds, you gain +17 Flight Speed. After 10 seconds, you gain an additional +17 Flight Speed. While active, you suffer a -12% penalty to Power Cost Discount and your Energy Building strength is reduced by 15%."
"Power";"630";"Shadow Skull Flight";"Grants +20 Flight Speed while active. Outside of combat, you build up speed over time. After 4 seconds, you gain +17 Flight Speed. After 10 seconds, you gain an additional +17 Flight Speed. While active, you suffer a -12% penalty to Power Cost Discount and your Energy Building strength is reduced by 15%. Cannot use abilities while active."
"Power";"631";"Shadow Wings";"Grants +20 Flight Speed while active. Outside of combat, you build up speed over time. After 4 seconds, you gain +17 Flight Speed. After 10 seconds, you gain an additional +17 Flight Speed. While active, you suffer a -12% penalty to Power Cost Discount and your Energy Building strength is reduced by 15%."
"Power";"632";"Stoic Flight";"Grants +20 Flight Speed while active. Outside of combat, you build up speed over time. After 4 seconds, you gain +17 Flight Speed. After 10 seconds, you gain an additional +17 Flight Speed. While active, you suffer a -12% penalty to Power Cost Discount and your Energy Building strength is reduced by 15%."
"Power";"633";"Storm Rider";"Grants +20 Flight Speed while active. Outside of combat, you build up speed over time. After 4 seconds, you gain +17 Flight Speed. After 10 seconds, you gain an additional +17 Flight Speed. While active, you suffer a -12% penalty to Power Cost Discount and your Energy Building strength is reduced by 15%."
"Power";"643";"Surf";"Grants +20 Flight Speed while active. Outside of combat, you build up speed over time. After 4 seconds, you gain +17 Flight Speed. After 10 seconds, you gain an additional +17 Flight Speed. While active, you suffer a -12% penalty to Power Cost Discount and your Energy Building strength is reduced by 15%."
"Power";"634";"Tornado Flight";"Grants +20 Flight Speed while active. Outside of combat, you build up speed over time. After 4 seconds, you gain +17 Flight Speed. After 10 seconds, you gain an additional +17 Flight Speed. While active, you suffer a -12% penalty to Power Cost Discount and your Energy Building strength is reduced by 15%."
"Power";"635";"Tricolor Flight (Horizontal)";"Grants +20 Flight Speed while active. Outside of combat, you build up speed over time. After 4 seconds, you gain +17 Flight Speed. After 10 seconds, you gain an additional +17 Flight Speed. While active, you suffer a -12% penalty to Power Cost Discount and your Energy Building strength is reduced by 15%."
"Power";"636";"Tricolor Flight (Vertical)";"Grants +20 Flight Speed while active. Outside of combat, you build up speed over time. After 4 seconds, you gain +17 Flight Speed. After 10 seconds, you gain an additional +17 Flight Speed. While active, you suffer a -12% penalty to Power Cost Discount and your Energy Building strength is reduced by 15%."
"Power";"644";"Blazing Speed";"Grants 100% Run Speed while active. Outside of Combat, you build up speed over time. After 4 seconds, you gain +85% Run Speed. After 10 seconds, you gain an additional +85% Run Speed. While moving quickly, your jump speed is slightly increases and foes are less likely to notice you. While active, you suffer a -9.4% penalty to Power Cost Discount and your Energy Building strength is reduced by 15%."
"Power";"667";"Canadian Flag Speed";"Grants 100% Run Speed while active. Outside of Combat, you build up speed over time. After 4 seconds, you gain +85% Run Speed. After 10 seconds, you gain an additional +85% Run Speed. While moving quickly, your jump speed is slightly increases and foes are less likely to notice you. While active, you suffer a -9.4% penalty to Power Cost Discount and your Energy Building strength is reduced by 15%."
"Power";"645";"Cold Snap Speed";"Grants 100% Run Speed while active. Outside of Combat, you build up speed over time. After 4 seconds, you gain +85% Run Speed. After 10 seconds, you gain an additional +85% Run Speed. While moving quickly, your jump speed is slightly increases and foes are less likely to notice you. While active, you suffer a -9.4% penalty to Power Cost Discount and your Energy Building strength is reduced by 15%."
"Power";"646";"Displacement Superspeed";"Grants 100% Run Speed while active. Outside of Combat, you build up speed over time. After 4 seconds, you gain +85% Run Speed. After 10 seconds, you gain an additional +85% Run Speed. While moving quickly, your jump speed is slightly increases and foes are less likely to notice you. While active, you suffer a -9.4% penalty to Power Cost Discount and your Energy Building strength is reduced by 15%."
"Power";"647";"Distortion Superspeed";"Grants 100% Run Speed while active. Outside of Combat, you build up speed over time. After 4 seconds, you gain +85% Run Speed. After 10 seconds, you gain an additional +85% Run Speed. While moving quickly, your jump speed is slightly increases and foes are less likely to notice you. While active, you suffer a -9.4% penalty to Power Cost Discount and your Energy Building strength is reduced by 15%."
"Power";"648";"Electric Speed";"Grants 100% Run Speed while active. Outside of Combat, you build up speed over time. After 4 seconds, you gain +85% Run Speed. After 10 seconds, you gain an additional +85% Run Speed. While moving quickly, your jump speed is slightly increases and foes are less likely to notice you. While active, you suffer a -9.4% penalty to Power Cost Discount and your Energy Building strength is reduced by 15%."
"Power";"649";"Fireball Roll";"Grants 100% Run Speed while active. Outside of Combat, you build up speed over time. After 4 seconds, you gain +85% Run Speed. After 10 seconds, you gain an additional +85% Run Speed. While moving quickly, your jump speed is slightly increases and foes are less likely to notice you. While active, you suffer a -9.4% penalty to Power Cost Discount and your Energy Building strength is reduced by 15%."
"Power";"650";"Flag Speed";"Grants 100% Run Speed while active. Outside of Combat, you build up speed over time. After 4 seconds, you gain +85% Run Speed. After 10 seconds, you gain an additional +85% Run Speed. While moving quickly, your jump speed is slightly increases and foes are less likely to notice you. While active, you suffer a -9.4% penalty to Power Cost Discount and your Energy Building strength is reduced by 15%."
"Power";"651";"Frost Speed";"Grants 100% Run Speed while active. Outside of Combat, you build up speed over time. After 4 seconds, you gain +85% Run Speed. After 10 seconds, you gain an additional +85% Run Speed. While moving quickly, your jump speed is slightly increases and foes are less likely to notice you. While active, you suffer a -9.4% penalty to Power Cost Discount and your Energy Building strength is reduced by 15%."
"Power";"652";"Hyper Ball";"Grants 100% Run Speed while active. Outside of Combat, you build up speed over time. After 4 seconds, you gain +85% Run Speed. After 10 seconds, you gain an additional +85% Run Speed. While moving quickly, your jump speed is slightly increases and foes are less likely to notice you. While active, you suffer a -9.4% penalty to Power Cost Discount and your Energy Building strength is reduced by 15%."
"Power";"653";"Light Speed";"Grants 100% Run Speed while active. Outside of Combat, you build up speed over time. After 4 seconds, you gain +85% Run Speed. After 10 seconds, you gain an additional +85% Run Speed. While moving quickly, your jump speed is slightly increases and foes are less likely to notice you. While active, you suffer a -9.4% penalty to Power Cost Discount and your Energy Building strength is reduced by 15%."
"Power";"654";"Lightning Speed";"Grants 100% Run Speed while active. Outside of Combat, you build up speed over time. After 4 seconds, you gain +85% Run Speed. After 10 seconds, you gain an additional +85% Run Speed. While moving quickly, your jump speed is slightly increases and foes are less likely to notice you. While active, you suffer a -9.4% penalty to Power Cost Discount and your Energy Building strength is reduced by 15%."
"Power";"655";"Mach Speed";"Grants 100% Run Speed while active. Outside of Combat, you build up speed over time. After 4 seconds, you gain +85% Run Speed. After 10 seconds, you gain an additional +85% Run Speed. While moving quickly, your jump speed is slightly increases and foes are less likely to notice you. While active, you suffer a -9.4% penalty to Power Cost Discount and your Energy Building strength is reduced by 15%."
"Power";"656";"Power Skating";"Grants 100% Run Speed while active. Outside of Combat, you build up speed over time. After 4 seconds, you gain +85% Run Speed. After 10 seconds, you gain an additional +85% Run Speed. While moving quickly, your jump speed is slightly increases and foes are less likely to notice you. While active, you suffer a -9.4% penalty to Power Cost Discount and your Energy Building strength is reduced by 15%."
"Power";"657";"Prism Speed";"Grants 100% Run Speed while active. Outside of Combat, you build up speed over time. After 4 seconds, you gain +85% Run Speed. After 10 seconds, you gain an additional +85% Run Speed. While moving quickly, your jump speed is slightly increases and foes are less likely to notice you. While active, you suffer a -9.4% penalty to Power Cost Discount and your Energy Building strength is reduced by 15%."
"Power";"658";"R.A.D. Sphere";"Grants 100% Run Speed while active. Outside of Combat, you build up speed over time. After 4 seconds, you gain +85% Run Speed. After 10 seconds, you gain an additional +85% Run Speed. While moving quickly, your jump speed is slightly increases and foes are less likely to notice you. While active, you suffer a -9.4% penalty to Power Cost Discount and your Energy Building strength is reduced by 15%."
"Power";"659";"Rainbow Speed";"Grants 100% Run Speed while active. Outside of Combat, you build up speed over time. After 4 seconds, you gain +85% Run Speed. After 10 seconds, you gain an additional +85% Run Speed. While moving quickly, your jump speed is slightly increases and foes are less likely to notice you. While active, you suffer a -9.4% penalty to Power Cost Discount and your Energy Building strength is reduced by 15%."
"Power";"660";"Scorching Speed";"Grants 100% Run Speed while active. Outside of Combat, you build up speed over time. After 4 seconds, you gain +85% Run Speed. After 10 seconds, you gain an additional +85% Run Speed. While moving quickly, your jump speed is slightly increases and foes are less likely to notice you. While active, you suffer a -9.4% penalty to Power Cost Discount and your Energy Building strength is reduced by 15%."
"Power";"661";"Snowball Roll";"Grants 100% Run Speed while active. Outside of Combat, you build up speed over time. After 4 seconds, you gain +85% Run Speed. After 10 seconds, you gain an additional +85% Run Speed. While moving quickly, your jump speed is slightly increases and foes are less likely to notice you. While active, you suffer a -9.4% penalty to Power Cost Discount and your Energy Building strength is reduced by 15%."
"Power";"662";"Superspeed";"Grants 100% Run Speed while active. Outside of Combat, you build up speed over time. After 4 seconds, you gain +85% Run Speed. After 10 seconds, you gain an additional +85% Run Speed. While moving quickly, your jump speed is slightly increases and foes are less likely to notice you. While active, you suffer a -9.4% penalty to Power Cost Discount and your Energy Building strength is reduced by 15%."
"Power";"663";"Swift Skating";"Grants 100% Run Speed while active. Outside of Combat, you build up speed over time. After 4 seconds, you gain +85% Run Speed. After 10 seconds, you gain an additional +85% Run Speed. While moving quickly, your jump speed is slightly increases and foes are less likely to notice you. While active, you suffer a -9.4% penalty to Power Cost Discount and your Energy Building strength is reduced by 15%."
"Power";"664";"Tricolor Speed (Horizontal)";"Grants 100% Run Speed while active. Outside of Combat, you build up speed over time. After 4 seconds, you gain +85% Run Speed. After 10 seconds, you gain an additional +85% Run Speed. While moving quickly, your jump speed is slightly increases and foes are less likely to notice you. While active, you suffer a -9.4% penalty to Power Cost Discount and your Energy Building strength is reduced by 15%."
"Power";"665";"Tricolor Speed (Vertical)";"Grants 100% Run Speed while active. Outside of Combat, you build up speed over time. After 4 seconds, you gain +85% Run Speed. After 10 seconds, you gain an additional +85% Run Speed. While moving quickly, your jump speed is slightly increases and foes are less likely to notice you. While active, you suffer a -9.4% penalty to Power Cost Discount and your Energy Building strength is reduced by 15%."
"Power";"666";"Wild Speed";"Grants 100% Run Speed while active. Outside of Combat, you build up speed over time. After 4 seconds, you gain +85% Run Speed. After 10 seconds, you gain an additional +85% Run Speed. While moving quickly, your jump speed is slightly increases and foes are less likely to notice you. While active, you suffer a -9.4% penalty to Power Cost Discount and your Energy Building strength is reduced by 15%."
"Power";"680";"Acrobatics";"Grants +75% Run Speed, +10 Jump Speed, and +10 Jump Height while active. Outside of combat, you build up speed and height over time. After 4 seconds, you gain +50% Run Speed, +8.5 Jump Speed, and +8.5 Jump Height. After 10 seconds, you gain an additional +50% Run Speed, +8.5 Jump Speed, and +8.5 Jump Height. While active, you suffer a -3.1% penalty to Power Cost Discount and your Energy Building strength is reduced by 15%."
"Power";"681";"Athletics";"Grants +75% Run Speed, +10 Jump Speed, and +10 Jump Height while active. Outside of combat, you build up speed and height over time. After 4 seconds, you gain +50% Run Speed, +8.5 Jump Speed, and +8.5 Jump Height. After 10 seconds, you gain an additional +50% Run Speed, +8.5 Jump Speed, and +8.5 Jump Height. While active, you suffer a -3.1% penalty to Power Cost Discount and your Energy Building strength is reduced by 15%."
"Power";"682";"Blazing Acrobatics";"Grants +75% Run Speed, +10 Jump Speed, and +10 Jump Height while active. Outside of combat, you build up speed and height over time. After 4 seconds, you gain +50% Run Speed, +8.5 Jump Speed, and +8.5 Jump Height. After 10 seconds, you gain an additional +50% Run Speed, +8.5 Jump Speed, and +8.5 Jump Height. While active, you suffer a -3.1% penalty to Power Cost Discount and your Energy Building strength is reduced by 15%."
"Power";"683";"Canadian Acrobatics";"Grants +75% Run Speed, +10 Jump Speed, and +10 Jump Height while active. Outside of combat, you build up speed and height over time. After 4 seconds, you gain +50% Run Speed, +8.5 Jump Speed, and +8.5 Jump Height. After 10 seconds, you gain an additional +50% Run Speed, +8.5 Jump Speed, and +8.5 Jump Height. While active, you suffer a -3.1% penalty to Power Cost Discount and your Energy Building strength is reduced by 15%."
"Power";"684";"Canadian Athletics";"Grants +75% Run Speed, +10 Jump Speed, and +10 Jump Height while active. Outside of combat, you build up speed and height over time. After 4 seconds, you gain +50% Run Speed, +8.5 Jump Speed, and +8.5 Jump Height. After 10 seconds, you gain an additional +50% Run Speed, +8.5 Jump Speed, and +8.5 Jump Height. While active, you suffer a -3.1% penalty to Power Cost Discount and your Energy Building strength is reduced by 15%."
"Power";"685";"Displacement Acrobatics";"Grants +75% Run Speed, +10 Jump Speed, and +10 Jump Height while active. Outside of combat, you build up speed and height over time. After 4 seconds, you gain +50% Run Speed, +8.5 Jump Speed, and +8.5 Jump Height. After 10 seconds, you gain an additional +50% Run Speed, +8.5 Jump Speed, and +8.5 Jump Height. While active, you suffer a -3.1% penalty to Power Cost Discount and your Energy Building strength is reduced by 15%."
"Power";"686";"Distortion Acrobatics";"Grants +75% Run Speed, +10 Jump Speed, and +10 Jump Height while active. Outside of combat, you build up speed and height over time. After 4 seconds, you gain +50% Run Speed, +8.5 Jump Speed, and +8.5 Jump Height. After 10 seconds, you gain an additional +50% Run Speed, +8.5 Jump Speed, and +8.5 Jump Height. While active, you suffer a -3.1% penalty to Power Cost Discount and your Energy Building strength is reduced by 15%."
"Power";"687";"Electric Slide";"Grants +75% Run Speed, +10 Jump Speed, and +10 Jump Height while active. Outside of combat, you build up speed and height over time. After 4 seconds, you gain +50% Run Speed, +8.5 Jump Speed, and +8.5 Jump Height. After 10 seconds, you gain an additional +50% Run Speed, +8.5 Jump Speed, and +8.5 Jump Height. While active, you suffer a -3.1% penalty to Power Cost Discount and your Energy Building strength is reduced by 15%."
"Power";"688";"Energy Slide";"Grants +20 Run Speed and +3 Jump Height while active. Outside of combat, you build up speed and height over time. After 4 seconds, you gain 17 Run Speed and +2.6 Jump Height. After 10 seconds, you gain an additional 21 Run Speed and +2.6 Jump Height. While active, you suffer a -12% penalty to Power Cost Discount and your Energy Building strength is reduced by 15%."
"Power";"689";"Flag Acrobatics";"Grants +75% Run Speed, +10 Jump Speed, and +10 Jump Height while active. Outside of combat, you build up speed and height over time. After 4 seconds, you gain +50% Run Speed, +8.5 Jump Speed, and +8.5 Jump Height. After 10 seconds, you gain an additional +50% Run Speed, +8.5 Jump Speed, and +8.5 Jump Height. While active, you suffer a -3.1% penalty to Power Cost Discount and your Energy Building strength is reduced by 15%."
"Power";"690";"Flag Athletics";"Grants +75% Run Speed, +10 Jump Speed, and +10 Jump Height while active. Outside of combat, you build up speed and height over time. After 4 seconds, you gain +50% Run Speed, +8.5 Jump Speed, and +8.5 Jump Height. After 10 seconds, you gain an additional +50% Run Speed, +8.5 Jump Speed, and +8.5 Jump Height. While active, you suffer a -3.1% penalty to Power Cost Discount and your Energy Building strength is reduced by 15%."
"Power";"691";"Prism Athletics";"Grants +75% Run Speed, +10 Jump Speed, and +10 Jump Height while active. Outside of combat, you build up speed and height over time. After 4 seconds, you gain +50% Run Speed, +8.5 Jump Speed, and +8.5 Jump Height. After 10 seconds, you gain an additional +50% Run Speed, +8.5 Jump Speed, and +8.5 Jump Height. While active, you suffer a -3.1% penalty to Power Cost Discount and your Energy Building strength is reduced by 15%."
"Power";"692";"Rainbow Acrobatics";"Grants +75% Run Speed, +10 Jump Speed, and +10 Jump Height while active. Outside of combat, you build up speed and height over time. After 4 seconds, you gain +50% Run Speed, +8.5 Jump Speed, and +8.5 Jump Height. After 10 seconds, you gain an additional +50% Run Speed, +8.5 Jump Speed, and +8.5 Jump Height. While active, you suffer a -3.1% penalty to Power Cost Discount and your Energy Building strength is reduced by 15%."
"Power";"693";"Scorching Athletics";"Grants +75% Run Speed, +10 Jump Speed, and +10 Jump Height while active. Outside of combat, you build up speed and height over time. After 4 seconds, you gain +50% Run Speed, +8.5 Jump Speed, and +8.5 Jump Height. After 10 seconds, you gain an additional +50% Run Speed, +8.5 Jump Speed, and +8.5 Jump Height. While active, you suffer a -3.1% penalty to Power Cost Discount and your Energy Building strength is reduced by 15%."
"Power";"694";"Scorching Slide";"Grants +75% Run Speed, +10 Jump Speed, and +10 Jump Height while active. Outside of combat, you build up speed and height over time. After 4 seconds, you gain +50% Run Speed, +8.5 Jump Speed, and +8.5 Jump Height. After 10 seconds, you gain an additional +50% Run Speed, +8.5 Jump Speed, and +8.5 Jump Height. While active, you suffer a -3.1% penalty to Power Cost Discount and your Energy Building strength is reduced by 15%."
"Power";"695";"Surf Slide";"Grants +75% Run Speed, +10 Jump Speed, and +10 Jump Height while active. Outside of combat, you build up speed and height over time. After 4 seconds, you gain +50% Run Speed, +8.5 Jump Speed, and +8.5 Jump Height. After 10 seconds, you gain an additional +50% Run Speed, +8.5 Jump Speed, and +8.5 Jump Height. While active, you suffer a -3.1% penalty to Power Cost Discount and your Energy Building strength is reduced by 15%."
"Power";"699";"Tricolor Acrobatics (Horizontal)";"Grants +75% Run Speed, +10 Jump Speed, and +10 Jump Height while active. Outside of combat, you build up speed and height over time. After 4 seconds, you gain +50% Run Speed, +8.5 Jump Speed, and +8.5 Jump Height. After 10 seconds, you gain an additional +50% Run Speed, +8.5 Jump Speed, and +8.5 Jump Height. While active, you suffer a -3.1% penalty to Power Cost Discount and your Energy Building strength is reduced by 15%."
"Power";"698";"Tricolor Acrobatics (Vertical)";"Grants +75% Run Speed, +10 Jump Speed, and +10 Jump Height while active. Outside of combat, you build up speed and height over time. After 4 seconds, you gain +50% Run Speed, +8.5 Jump Speed, and +8.5 Jump Height. After 10 seconds, you gain an additional +50% Run Speed, +8.5 Jump Speed, and +8.5 Jump Height. While active, you suffer a -3.1% penalty to Power Cost Discount and your Energy Building strength is reduced by 15%."
"Power";"697";"Tricolor Athletics (Horizontal)";"Grants +75% Run Speed, +10 Jump Speed, and +10 Jump Height while active. Outside of combat, you build up speed and height over time. After 4 seconds, you gain +50% Run Speed, +8.5 Jump Speed, and +8.5 Jump Height. After 10 seconds, you gain an additional +50% Run Speed, +8.5 Jump Speed, and +8.5 Jump Height. While active, you suffer a -3.1% penalty to Power Cost Discount and your Energy Building strength is reduced by 15%."
"Power";"696";"Tricolor Athletics (Vertical)";"Grants +75% Run Speed, +10 Jump Speed, and +10 Jump Height while active. Outside of combat, you build up speed and height over time. After 4 seconds, you gain +50% Run Speed, +8.5 Jump Speed, and +8.5 Jump Height. After 10 seconds, you gain an additional +50% Run Speed, +8.5 Jump Speed, and +8.5 Jump Height. While active, you suffer a -3.1% penalty to Power Cost Discount and your Energy Building strength is reduced by 15%."
"Power";"668";"Canadian Flag Jump";"Grants +35 Jump Speed and +60 Jump Height while active. Outside of combat, you build up speed and height over time. After 4 seconds, you gain +30 Jump Speed and +34 Jump Height. After 10 seconds, you gain an additional +17 Jump Speed and +34 Jump Height. While active, you suffer a -6.2% penalty to Power Cost Discount and your Energy Building strength is reduced by 15%."
"Power";"669";"Corrosive Jump";"Grants +35 Jump Speed and +60 Jump Height while active. Outside of combat, you build up speed and height over time. After 4 seconds, you gain +30 Jump Speed and +34 Jump Height. After 10 seconds, you gain an additional +17 Jump Speed and +34 Jump Height. While active, you suffer a -6.2% penalty to Power Cost Discount and your Energy Building strength is reduced by 15%."
"Power";"670";"Flag Jump";"Grants +35 Jump Speed and +60 Jump Height while active. Outside of combat, you build up speed and height over time. After 4 seconds, you gain +30 Jump Speed and +34 Jump Height. After 10 seconds, you gain an additional +17 Jump Speed and +34 Jump Height. While active, you suffer a -6.2% penalty to Power Cost Discount and your Energy Building strength is reduced by 15%."
"Power";"671";"Inky Jump";"Grants +35 Jump Speed and +60 Jump Height while active. Outside of combat, you build up speed and height over time. After 4 seconds, you gain +30 Jump Speed and +34 Jump Height. After 10 seconds, you gain an additional +17 Jump Speed and +34 Jump Height. While active, you suffer a -6.2% penalty to Power Cost Discount and your Energy Building strength is reduced by 15%."
"Power";"675";"Rainbow Jump";"Grants +35 Jump Speed and +60 Jump Height while active. Outside of combat, you build up speed and height over time. After 4 seconds, you gain +30 Jump Speed and +34 Jump Height. After 10 seconds, you gain an additional +17 Jump Speed and +34 Jump Height. While active, you suffer a -6.2% penalty to Power Cost Discount and your Energy Building strength is reduced by 15%."
"Power";"676";"Rocket Jump";"Grants +35 Jump Speed and +60 Jump Height while active. Outside of combat, you build up speed and height over time. After 4 seconds, you gain +30 Jump Speed and +34 Jump Height. After 10 seconds, you gain an additional +17 Jump Speed and +34 Jump Height. While active, you suffer a -6.2% penalty to Power Cost Discount and your Energy Building strength is reduced by 15%."
"Power";"678";"Superjump";"Grants +35 Jump Speed and +60 Jump Height while active. Outside of combat, you build up speed and height over time. After 4 seconds, you gain +30 Jump Speed and +34 Jump Height. After 10 seconds, you gain an additional +17 Jump Speed and +34 Jump Height. While active, you suffer a -6.2% penalty to Power Cost Discount and your Energy Building strength is reduced by 15%."
"Power";"672";"Inky Ooze Tunneling";"While active, you burrow underground, allowing you to move around beneath the surface, undetected by foes. While active, you gain +30 Run Speed."
"Power";"673";"Metallic Ooze Tunneling";"While active, you burrow underground, allowing you to move around beneath the surface, undetected by foes. While active, you gain +30 Run Speed."
"Power";"674";"Ooze Tunneling";"While active, you burrow underground, allowing you to move around beneath the surface, undetected by foes. While active, you gain +30 Run Speed."
"Power";"973";"Rainbow Slime Tunneling";"While active, you burrow underground, allowing you to move around beneath the surface, undetected by foes. While active, you gain +30 Run Speed."
"Power";"677";"Scarab Tunneling";"While active, you burrow underground, allowing you to move around beneath the surface, undetected by foes. While active, you gain +30 Run Speed."
"Power";"972";"Slime Tunneling";"While active, you burrow underground, allowing you to move around beneath the surface, undetected by foes. While active, you gain +30 Run Speed."
"Power";"679";"Tunneling";"While active, you burrow underground, allowing you to move around beneath the surface, undetected by foes. While active, you gain +30 Run Speed."
"Power";"706";"Canadian Swinging";"Grants +50 Jump Height, +25 Jump Speed, and 45 Swing Speed while active. Out of combat, you build up jump speed over time. After 4 seconds, you gain +8.5 Jump Speed and 13 Swing Speed. After 10 seconds, you gain an additional +8.5 Jump Speed and 13 Swing Speed."
"Power";"707";"Chain Fire Swinging";"Grants +50 Jump Height, +25 Jump Speed, and 45 Swing Speed while active. Out of combat, you build up jump speed over time. After 4 seconds, you gain +8.5 Jump Speed and 13 Swing Speed. After 10 seconds, you gain an additional +8.5 Jump Speed and 13 Swing Speed."
"Power";"700";"Chain Swinging";"Grants +50 Jump Height, +25 Jump Speed, and 45 Swing Speed while active. Out of combat, you build up jump speed over time. After 4 seconds, you gain +8.5 Jump Speed and 13 Swing Speed. After 10 seconds, you gain an additional +8.5 Jump Speed and 13 Swing Speed."
"Power";"701";"Energy Swinging";"Grants +50 Jump Height, +25 Jump Speed, and 45 Swing Speed while active. Out of combat, you build up jump speed over time. After 4 seconds, you gain +8.5 Jump Speed and 13 Swing Speed. After 10 seconds, you gain an additional +8.5 Jump Speed and 13 Swing Speed."
"Power";"702";"Fire Swinging";"Grants +50 Jump Height, +25 Jump Speed, and 45 Swing Speed while active. Out of combat, you build up jump speed over time. After 4 seconds, you gain +8.5 Jump Speed and 13 Swing Speed. After 10 seconds, you gain an additional +8.5 Jump Speed and 13 Swing Speed."
"Power";"703";"Flaming Chain Swinging";"Grants +50 Jump Height, +25 Jump Speed, and 45 Swing Speed while active. Out of combat, you build up jump speed over time. After 4 seconds, you gain +8.5 Jump Speed and 13 Swing Speed. After 10 seconds, you gain an additional +8.5 Jump Speed and 13 Swing Speed."
"Power";"708";"Patriot Swinging";"Grants +50 Jump Height, +25 Jump Speed, and 45 Swing Speed while active. Out of combat, you build up jump speed over time. After 4 seconds, you gain +8.5 Jump Speed and 13 Swing Speed. After 10 seconds, you gain an additional +8.5 Jump Speed and 13 Swing Speed."
"Power";"704";"Swinging";"Grants +50 Jump Height, +25 Jump Speed, and 45 Swing Speed while active. Out of combat, you build up jump speed over time. After 4 seconds, you gain +8.5 Jump Speed and 13 Swing Speed. After 10 seconds, you gain an additional +8.5 Jump Speed and 13 Swing Speed."
"Power";"705";"Vine Swinging";"Grants +50 Jump Height, +25 Jump Speed, and 45 Swing Speed while active. Out of combat, you build up jump speed over time. After 4 seconds, you gain +8.5 Jump Speed and 13 Swing Speed. After 10 seconds, you gain an additional +8.5 Jump Speed and 13 Swing Speed."
"Power";"721";"Canadian Fireworks Teleport";"Phase out for a short period of time. While out of phase, you gain +60 Flight Speed and it becomes incredibly difficult for foes to notice you, however you cannot use any powers and healing against you is greatly reduced. The duration of Teleport is reduced while in combat, and if you strike a foe shortly after phasing back in, Teleport activates a short cooldown."
"Power";"709";"Cold Front";"Phase out for a short period of time. While out of phase, you gain +60 Flight Speed and it becomes incredibly difficult for foes to notice you, however you cannot use any powers and healing against you is greatly reduced. The duration of Teleport is reduced while in combat, and if you strike a foe shortly after phasing back in, Teleport activates a short cooldown."
"Power";"710";"Electric Arc";"Phase out for a short period of time. While out of phase, you gain +60 Flight Speed and it becomes incredibly difficult for foes to notice you, however you cannot use any powers and healing against you is greatly reduced. The duration of Teleport is reduced while in combat, and if you strike a foe shortly after phasing back in, Teleport activates a short cooldown."
"Power";"711";"Energy Step";"Phase out for a short period of time. While out of phase, you gain +60 Flight Speed and it becomes incredibly difficult for foes to notice you, however you cannot use any powers and healing against you is greatly reduced. The duration of Teleport is reduced while in combat, and if you strike a foe shortly after phasing back in, Teleport activates a short cooldown."
"Power";"722";"Fireworks Teleport";"Phase out for a short period of time. While out of phase, you gain +60 Flight Speed and it becomes incredibly difficult for foes to notice you, however you cannot use any powers and healing against you is greatly reduced. The duration of Teleport is reduced while in combat, and if you strike a foe shortly after phasing back in, Teleport activates a short cooldown."
"Power";"712";"Frost Bite Teleport";"Phase out for a short period of time. While out of phase, you gain +60 Flight Speed and it becomes incredibly difficult for foes to notice you, however you cannot use any powers and healing against you is greatly reduced. The duration of Teleport is reduced while in combat, and if you strike a foe shortly after phasing back in, Teleport activates a short cooldown."
"Power";"713";"Lightning Flash";"Phase out for a short period of time. While out of phase, you gain +60 Flight Speed and it becomes incredibly difficult for foes to notice you, however you cannot use any powers and healing against you is greatly reduced. The duration of Teleport is reduced while in combat, and if you strike a foe shortly after phasing back in, Teleport activates a short cooldown."
"Power";"714";"Mind Blink";"Phase out for a short period of time. While out of phase, you gain +60 Flight Speed and it becomes incredibly difficult for foes to notice you, however you cannot use any powers and healing against you is greatly reduced. The duration of Teleport is reduced while in combat, and if you strike a foe shortly after phasing back in, Teleport activates a short cooldown."
"Power";"715";"Ninja Leaves";"Phase out for a short period of time. While out of phase, you gain +60 Flight Speed and it becomes incredibly difficult for foes to notice you, however you cannot use any powers and healing against you is greatly reduced. The duration of Teleport is reduced while in combat, and if you strike a foe shortly after phasing back in, Teleport activates a short cooldown."
"Power";"716";"Ninja Vanish";"Phase out for a short period of time. While out of phase, you gain +60 Flight Speed and it becomes incredibly difficult for foes to notice you, however you cannot use any powers and healing against you is greatly reduced. The duration of Teleport is reduced while in combat, and if you strike a foe shortly after phasing back in, Teleport activates a short cooldown."
"Power";"723";"Patriotic Fireworks Teleport";"Phase out for a short period of time. While out of phase, you gain +60 Flight Speed and it becomes incredibly difficult for foes to notice you, however you cannot use any powers and healing against you is greatly reduced. The duration of Teleport is reduced while in combat, and if you strike a foe shortly after phasing back in, Teleport activates a short cooldown."
"Power";"717";"Phase Out";"Phase out for a short period of time. While out of phase, you gain +60 Flight Speed and it becomes incredibly difficult for foes to notice you, however you cannot use any powers and healing against you is greatly reduced. The duration of Teleport is reduced while in combat, and if you strike a foe shortly after phasing back in, Teleport activates a short cooldown."
"Power";"724";"Prismatic Fireworks Teleport";"Phase out for a short period of time. While out of phase, you gain +60 Flight Speed and it becomes incredibly difficult for foes to notice you, however you cannot use any powers and healing against you is greatly reduced. The duration of Teleport is reduced while in combat, and if you strike a foe shortly after phasing back in, Teleport activates a short cooldown."
"Power";"725";"Radiant Fireworks Teleport";"Phase out for a short period of time. While out of phase, you gain +60 Flight Speed and it becomes incredibly difficult for foes to notice you, however you cannot use any powers and healing against you is greatly reduced. The duration of Teleport is reduced while in combat, and if you strike a foe shortly after phasing back in, Teleport activates a short cooldown."
"Power";"718";"Retrowave";"Phase out for a short period of time. While out of phase, you gain +60 Flight Speed and it becomes incredibly difficult for foes to notice you, however you cannot use any powers and healing against you is greatly reduced. The duration of Teleport is reduced while in combat, and if you strike a foe shortly after phasing back in, Teleport activates a short cooldown."
"Power";"726";"Teleport";"Phase out for a short period of time. While out of phase, you gain +60 Flight Speed and it becomes incredibly difficult for foes to notice you, however you cannot use any powers and healing against you is greatly reduced. The duration of Teleport is reduced while in combat, and if you strike a foe shortly after phasing back in, Teleport activates a short cooldown."
"Power";"719";"Teleportation";"Phase out for a short period of time. While out of phase, you gain +60 Flight Speed and it becomes incredibly difficult for foes to notice you, however you cannot use any powers and healing against you is greatly reduced. The duration of Teleport is reduced while in combat, and if you strike a foe shortly after phasing back in, Teleport activates a short cooldown."
"Power";"720";"Upload";"Phase out for a short period of time. While out of phase, you gain +60 Flight Speed and it becomes incredibly difficult for foes to notice you, however you cannot use any powers and healing against you is greatly reduced. The duration of Teleport is reduced while in combat, and if you strike a foe shortly after phasing back in, Teleport activates a short cooldown."
"Power";"772";"Ultimate Brimstone";"Deals Crushing Damage and and Fire Damage. Affected targets are Knocked Up. Base damage is increased by 30% if a target is immunelto Knock effects. + Applies Aegis for 15 sec, granting +100% resistance to all damage to you and 72% resistance to up to I0 allies. This amount is doubled on targets affected by Reckless. + Applies Negative lons to affected targets and creates a Pyre Patch for 16 sec, dealing Fire Damage every 1 sec to foes within 25ft. Foes standing in the Pyre Patch have a 10% chance to be affected by Clinging Flames, dealing Fire Damage every 2 sec for 12 sec. Clinging Flames may leap to other Foes near the target. + Foes standing in the Pyre Patch have a 85% chance to be Disoriented for 12 sec, reducing their damage by 10% and their movement speed by 50%. + Foes standing in the Pyre Patch havea 35% chance to be Stunned for a short time. This chance is guaranteed if the target is affected by Clinging Flames. + Places your Brimstone power on cooldown when used."
"Power";"775";"Ultimate Havoc Stomp";"Deals Crushing Damage and Knocks Up affected targets. Base Damage is increased by 30% if an affected target is immune to Knock effects. + Creates a Stomping Grounds at your location for 12 sec, causing affected targets within 15ft to be 10% more vulnerable to damage from abilities in the Brick Framework. This effect is considered to be an Ultimate Rune. +I f used from 25ft or more above the ground, the following effects applies instead: + Lunge directly down from wherever you are. Deals increased Crushing Damage and affected targets are Knock Up."
"Power";"936";"Dark Wand";"Deals Magic Damage every 0.5 sec to your target. + Heals you every hit. + When fully maintained, applies Light Everlasting to allies within 25ft of your target, healing all targets for +53 Health Points every 1 sec over 10 sec."
"Power";"858";"Experimental Teleiosaurus Injection";"While toggled on, this device grants +30% Resistance to all damage. + Every 2 sec, deals Particle Damage and has 25% chance to apply Plasma Burn to nearby foes. + This device can be used alongside other powers while the effects are active."
"Power";"878";"Yodel";"Applies Inspiration to nearby allies, granting them +5% resistance to all damage, and +5% all damage strenght, for 30 sec. + This effect cannot be stacked."
"Power";"843";"Energy Absorbing Crashsuit";"Restores your energy by 100%. + Applies the Force Sheathe buff to you for 8 sec. Force Sheathe gives you +10% resistance to all damage and returns energy whenever you take damage. The amount of energy you get scales with your Recovery and how much damage you took."
"Power";"839";"Experimental Artificial Life Injection";"Gives you +100% resistance to all damage for 12 sec."
"Power";"810";"Asclepial Serum";"Heals you for a small amount 1 sec. + Gives you +25% resistance to all damage. + Deals Toxic damage to foes within 10 feet of you every 2 sec for 30 sec."
"Power";"817";"Nightmare Generator";"When attacking, you have a 1% chance to summon a Stalking Horror for 60 sec. + This creature can use the following attacks: + Ego Claw: Deals Ego damage, plus a small amount of Ego Damage over 2 sec. + Ego Bite: Deals Ego damage. +Ego Lunge: Deals Ego damage. + Ego Drain: Deals Ego damage and has 10% chance to apply Disorient to targets."
"Power";"802";"Teleiosaurus Pheromones";"25% chance every 10 seconds to summon a Hatchling, twice, lasting 30 sec. + 25% chance every 10 seconds to summon a Coruscator, lasting 60 sec. +Hatchling powers: + Bite: Slashing damage + Spit: Toxic damage + Lunge: Slashing damage + Radiation Breath: Particle damage (30 sec recharge) + Coruscator powers: + Bite: Slashing damage + Spit: Toxic damage + Blast: Toxic damage (30 sec recharge) + Radiation Breath: Particle damage (30 sec recharge) + Foot Stomp: Crushing damage in a 15 foot sphere (30 sec recharge) + Radiation Storm: Particle damage every 0.5 seconds in a 15 foot sphere (30 sec recharge)"
"Power";"822";"Void Possession";"Heals you every 1 sec. + You gain +100% resistance to all damage while you maintain this power. + Applies Fear your targets, reducing their damage by 10% for 12 sec."
"Power";"953";"Chilling Roar";"Applies Inspiration to nearby allies, granting them +5% resistance to all damage, and +5% all damage strenght, for 30 sec. + This effect cannot be stacked. + Applies Moonight Howl to you for 30 sec."
"Power";"801";"Draysha Supercharge";"Toggling this device on will cause you to gain +15% all damage strength, +1% SpeedCharge, +4 Energy, +20% resistance to all Knock, and +2.5% power recharge speed every second. These effects stack every for second this device is toggled on.Deals Toxic damage to you and causes healing to be 2.5% less effective against you every second. These effects stack for every second this device is toggled on.After 20 sec, you take a large amount of Toxic damage.The damage this device deals to you cannot be dodged or resisted, and it ignores shields."
"Power";"952";"Inspire";"Applies Inspiration to nearby allies, granting them +5% resistance to all damage, and +5% all damage strenght, for 30 sec. + This effect cannot be stacked."
"Power";"939";"Vikorin's Headdress";"Deals Dimensional Damage to all targets. + Knocks targets towards you. + Applies the Force Sheathe buff to you for 8 sec. Force Sheathe gives you +10% resistance to all damage and returns energy whenever you take damage. The amount of energy you get scales with your RECOVERY and how much damage you took."
"Power";"941";"Chimeral Potion of the Rat";"Heals you for 3,680 HP. + Reduces the amount of threat your powers generate by for 30 sec. + While this power is active, places you in Sneak, granting you +30 Aggression Stealth and +400 Perception Stealth. This effect is deactivated for 8 sec upon healing a target, taking damage, dealing damage, or interacting with an object."
"Power";"894";"Anti-Graviton Generator";"Grants +30 Flight Speed while active. Outside of combat, you build up speed over time. After 4 seconds, you gain +26 Flight Speed. After 10 seconds, you gain an additional +26 Flight Speed. While active, you suffer a -12% penalty to Power Cost Discount and your Energy Building strength is reduced by 15%."
"Power";"905";"Arcane Flight";"Grants +30 Flight Speed while active. Outside of combat, you build up speed over time. After 4 seconds, you gain +26 Flight Speed. After 10 seconds, you gain an additional +26 Flight Speed. While active, you suffer a -12% penalty to Power Cost Discount and your Energy Building strength is reduced by 15%."
"Power";"886";"Blazing Speed";"Grants 184% Run Speed while active. Outside of Combat, you build up speed over time. After 4 seconds, you gain +169% Run Speed. After 10 seconds, you gain an additional +169% Run Speed. While moving quickly, your jump speed is slightly increases and foes are less likely to notice you. While active, you suffer a -9.4% penalty to Power Cost Discount and your Energy Building strength is reduced by 15%."
"Power";"904";"Cold Snap Speed";"Grants 184% Run Speed while active. Outside of Combat, you build up speed over time. After 4 seconds, you gain +169% Run Speed. After 10 seconds, you gain an additional +169% Run Speed. While moving quickly, your jump speed is slightly increases and foes are less likely to notice you. While active, you suffer a -9.4% penalty to Power Cost Discount and your Energy Building strength is reduced by 15%."
"Power";"946";"Dark Flight";"Grants +30 Flight Speed while active. Outside of combat, you build up speed over time. After 4 seconds, you gain +26 Flight Speed. After 10 seconds, you gain an additional +26 Flight Speed. While active, you suffer a -12% penalty to Power Cost Discount and your Energy Building strength is reduced by 15%."
"Power";"949";"Dark Speed";"Grants 184% Run Speed while active. Outside of Combat, you build up speed over time. After 4 seconds, you gain +169% Run Speed. After 10 seconds, you gain an additional +169% Run Speed. While moving quickly, your jump speed is slightly increases and foes are less likely to notice you. While active, you suffer a -9.4% penalty to Power Cost Discount and your Energy Building strength is reduced by 15%."
"Power";"966";"Electric Slide";"Grants +75% Run Speed, +10 Jump Speed, and +10 Jump Height while active. Outside of combat, you build up speed and height over time. After 4 seconds, you gain +50% Run Speed, +8.5 Jump Speed, and +8.5 Jump Height. After 10 seconds, you gain an additional +50% Run Speed, +8.5 Jump Speed, and +8.5 Jump Height. While active, you suffer a -3.1% penalty to Power Cost Discount and your Energy Building strength is reduced by 15%."
"Power";"899";"Electric Speed";"Grants 184% Run Speed while active. Outside of Combat, you build up speed over time. After 4 seconds, you gain +169% Run Speed. After 10 seconds, you gain an additional +169% Run Speed. While moving quickly, your jump speed is slightly increases and foes are less likely to notice you. While active, you suffer a -9.4% penalty to Power Cost Discount and your Energy Building strength is reduced by 15%."
"Power";"893";"Feline Metabolic Serum";"While toggled on:-15% Energy Strength-12% Power Cost Discount+3.3% Dodge Chance+10/10/10 Run Speed+10/20/10 Flight Speed+10/10/10 Jump Speed+10/10/10 Jump Height+1 Jump Traction"
"Power";"887";"Fireball Roll";"Grants 184% Run Speed while active. Outside of Combat, you build up speed over time. After 4 seconds, you gain +169% Run Speed. After 10 seconds, you gain an additional +169% Run Speed. While moving quickly, your jump speed is slightly increases and foes are less likely to notice you. While active, you suffer a -9.4% penalty to Power Cost Discount and your Energy Building strength is reduced by 15%."
"Power";"903";"Frost Speed";"Grants 184% Run Speed while active. Outside of Combat, you build up speed over time. After 4 seconds, you gain +169% Run Speed. After 10 seconds, you gain an additional +169% Run Speed. While moving quickly, your jump speed is slightly increases and foes are less likely to notice you. While active, you suffer a -9.4% penalty to Power Cost Discount and your Energy Building strength is reduced by 15%."
"Power";"898";"Lightning Speed";"Grants 184% Run Speed while active. Outside of Combat, you build up speed over time. After 4 seconds, you gain +169% Run Speed. After 10 seconds, you gain an additional +169% Run Speed. While moving quickly, your jump speed is slightly increases and foes are less likely to notice you. While active, you suffer a -9.4% penalty to Power Cost Discount and your Energy Building strength is reduced by 15%."
"Power";"900";"Mind Blink";"Phase out for a short period of time. While out of phase, you gain +60 Flight Speed and it becomes incredibly difficult for foes to notice you, however you cannot use any powers and healing against you is greatly reduced. The duration of Teleport is reduced while in combat, and if you strike a foe shortly after phasing back in, Teleport activates a short cooldown."
"Power";"888";"Prism Speed";"Grants 184% Run Speed while active. Outside of Combat, you build up speed over time. After 4 seconds, you gain +169% Run Speed. After 10 seconds, you gain an additional +169% Run Speed. While moving quickly, your jump speed is slightly increases and foes are less likely to notice you. While active, you suffer a -9.4% penalty to Power Cost Discount and your Energy Building strength is reduced by 15%."
"Power";"945";"Qliphothic Tunneling";"While active, you burrow underground, allowing you to move around beneath the surface, undetected by foes. While active, you gain +64 Run Speed."
"Power";"889";"Rainbow Cloud Flight";"Grants +30 Flight Speed while active. Outside of combat, you build up speed over time. After 4 seconds, you gain +26 Flight Speed. After 10 seconds, you gain an additional +26 Flight Speed. While active, you suffer a -12% penalty to Power Cost Discount and your Energy Building strength is reduced by 15%."
"Power";"890";"Rainbow Flight";"Grants +30 Flight Speed while active. Outside of combat, you build up speed over time. After 4 seconds, you gain +26 Flight Speed. After 10 seconds, you gain an additional +26 Flight Speed. While active, you suffer a -12% penalty to Power Cost Discount and your Energy Building strength is reduced by 15%."
"Power";"967";"Rainbow Jump";"Grants +45 Jump Speed and +90 Jump Height while active. Outside of combat, you build up speed and height over time. After 4 seconds you gain +34 Jump Speed and +51 Jump Height and after another 10 seconds you gain an additional +34 Jump Speed and +51 Jump Height. While active, you receive a -6.2% Power Cost Discount and your Energy Building strength is reduced by 15%."
"Power";"891";"Rainbow Speed";"Grants 184% Run Speed while active. Outside of Combat, you build up speed over time. After 4 seconds, you gain +169% Run Speed. After 10 seconds, you gain an additional +169% Run Speed. While moving quickly, your jump speed is slightly increases and foes are less likely to notice you. While active, you suffer a -9.4% penalty to Power Cost Discount and your Energy Building strength is reduced by 15%."
"Power";"897";"Scorching Slide";"Grants +75% Run Speed, +10 Jump Speed, and +10 Jump Height while active. Outside of combat, you build up speed and height over time. After 4 seconds, you gain +50% Run Speed, +8.5 Jump Speed, and +8.5 Jump Height. After 10 seconds, you gain an additional +50% Run Speed, +8.5 Jump Speed, and +8.5 Jump Height. While active, you suffer a -3.1% penalty to Power Cost Discount and your Energy Building strength is reduced by 15%."
"Power";"892";"Scorching Speed";"Grants 184% Run Speed while active. Outside of Combat, you build up speed over time. After 4 seconds, you gain +169% Run Speed. After 10 seconds, you gain an additional +169% Run Speed. While moving quickly, your jump speed is slightly increases and foes are less likely to notice you. While active, you suffer a -9.4% penalty to Power Cost Discount and your Energy Building strength is reduced by 15%."
"Power";"901";"Steampunk Hoverboard";"Grants +30 Flight Speed while active. Outside of combat, you build up speed over time. After 4 seconds, you gain +26 Flight Speed. After 10 seconds, you gain an additional +26 Flight Speed. While active, you suffer a -12% penalty to Power Cost Discount and your Energy Building strength is reduced by 15%."
"Power";"896";"Stoic Flight";"Grants +30 Flight Speed while active. Outside of combat, you build up speed over time. After 4 seconds, you gain +26 Flight Speed. After 10 seconds, you gain an additional +26 Flight Speed. While active, you suffer a -12% penalty to Power Cost Discount and your Energy Building strength is reduced by 15%."
"Power";"902";"Upload Teleport";"Phase out for a short period of time. While out of phase, you gain +60 Flight Speed and it becomes incredibly difficult for foes to notice you, however you cannot use any powers and healing against you is greatly reduced. The duration of Teleport is reduced while in combat, and if you strike a foe shortly after phasing back in, Teleport activates a short cooldown."
"Power";"895";"Vesperine Cloak";"Grants +30 Flight Speed while active. Outside of combat, you build up speed over time. After 4 seconds, you gain +26 Flight Speed. After 10 seconds, you gain an additional +26 Flight Speed. While active, you suffer a -12% penalty to Power Cost Discount and your Energy Building strength is reduced by 15%."
"Advantage";"123";"Crashing Crescendo";"Each hit gives you a +2.5% chance to Critically Hit. This bonus resets upon scoring a successful Critical Hit."
"Advantage";"134";"Data Conversion";"While is slotted, you gain +33 Knock Resistance for 2 seconds every time you make a melee attack, however your melee attacks deal 10% less damage."
"Advantage";"189";"Enhanced Form";"Grants you Aegis, increasing your Resistance to all damage by +15% for 15 sec."
"Advantage";"192";"Ephemeral Endowment";"Grants your target 25% resistance to all damage, and +25 Run Speed for 10 seconds."
"Advantage";"235";"Floating Butterfly";"Grants +10 Avoidance Rating while maintaining."
"Advantage";"268";"Graceful Shots";"Defeating a foe gives you +12% Dodge Chance for 12 sec."
"Advantage";"303";"Incisive Wit";"15% chance every hit to apply Id Surge to you, increasing your Ego damage strength by +15% and your Ego by +13 for 15 seconds."
"Advantage";"430";"Power Consumption";"Heals you when attacking a target affected by your Negative Ions. +This heal is considered a Life Drain effect."
"Advantage";"487";"Run Away!";"Grants you a temporary 60% bonus to run speed, +6 to Flight, and +6 to Jump height. These effects last 6 for seconds."
"Advantage";"573";"The Elusive Monk";"Reduces you melee damage strenght by 10%. Whenever you make a melee attack, grants you +5.9% Dodge Chance Rating, +79 Avoidance Rating, and 33% Knock Resistance for 2 sec."
"Advantage";"574";"The Elusive Swordsman";"Reduces you melee damage strenght by 10%. Whenever you make a melee attack, grants you +5.9% Dodge Chance Rating, +79 Avoidance Rating, and 33% Knock Resistance for 2 sec."
"Advantage";"659";"Force Sheathe";"When you take damage while blocking, grants the Force Sheathe buff for 8 sec, which gives you +10% resistance to all damage and returns energy whenever you take damage. The amount of energy you get scales with your RECOVERY and how much damage you took."
